artwork_id,artwork_name,artist,year,collection,image_url
Q116170734,After a rain (study),Arkhip Kuindzhi,1879-01-01T00:00:00Z,,http://commons.wikimedia.org/wiki/Special:FilePath/Kuindzhi%20After%20a%20rain%20study%201879.jpg
Q126717648,Europe as a Common Home - Is it burning?,Peter Weibel,2020-01-01T00:00:00Z,Kunstforum Ostdeutsche Galerie,
Q116171389,Crimea. Southern Shore,Arkhip Kuindzhi,1887-01-01T00:00:00Z,Russian Museum,http://commons.wikimedia.org/wiki/Special:FilePath/Kuindzhi%20-%20Crimea%20Southern%20Shore%20-%201887.jpg
Q116172104,Seashore. The Crimea,Arkhip Kuindzhi,1887-01-01T00:00:00Z,Russian Museum,http://commons.wikimedia.org/wiki/Special:FilePath/Kuindzhi%20Seashore%20The%20Crimea%201885%201890.jpg
Q4085405,A Birch Grove,Arkhip Kuindzhi,1879-01-01T00:00:00Z,Tretyakov Gallery,http://commons.wikimedia.org/wiki/Special:FilePath/Archip%20Iwanowitsch%20Kuindshi%20005.jpg
Q4373703,After a rain,Arkhip Kuindzhi,1879-01-01T00:00:00Z,Tretyakov Gallery,http://commons.wikimedia.org/wiki/Special:FilePath/Kuindzhi%20After%20a%20rain%201879.jpg
Q116172159,Birch grove (Forest),Arkhip Kuindzhi,1880-01-01T00:00:00Z,,http://commons.wikimedia.org/wiki/Special:FilePath/Kuindzhi%20Birch%20grove%20Forest%201880s.jpg
Q16652954,Sunset with trees,Arkhip Kuindzhi,1890-01-01T00:00:00Z,Rostov Regional Fine Arts Museum,http://commons.wikimedia.org/wiki/Special:FilePath/Kuindzhi%20Sunset%20with%20trees%201876%201890.jpg
Q12167890,Христос в Гетсиманському саду (Куїнджі),Arkhip Kuindzhi,1901-01-01T00:00:00Z,Vorontsov Palace,http://commons.wikimedia.org/wiki/Special:FilePath/Kuindzhi%20Jesus%20Christ%201901.jpg
Q116171424,Kazbek in the evening,Arkhip Kuindzhi,1900-01-01T00:00:00Z,Russian Museum,http://commons.wikimedia.org/wiki/Special:FilePath/Kuindzhi%20Kazbek%20in%20the%20evening%201900s.jpg
Q116171067,Moonlit Night,Arkhip Kuindzhi,1890-01-01T00:00:00Z,Russian Museum,http://commons.wikimedia.org/wiki/Special:FilePath/Kuindzhi%20Moonlit%20Night.jpg
Q116171374,Night landscape,Arkhip Kuindzhi,1910-01-01T00:00:00Z,,http://commons.wikimedia.org/wiki/Special:FilePath/Kuindzhi%20Night%20landscape.jpg
Q16641825,Daryal pass. Moonlight Night,Arkhip Kuindzhi,1890-01-01T00:00:00Z,Tretyakov Gallery,http://commons.wikimedia.org/wiki/Special:FilePath/Kuindzhi%20Daryal%20pass%201890%201895.jpg
Q116172116,Sea. Grey day. Mariupol,Arkhip Kuindzhi,1870-01-01T00:00:00Z,Russian Museum,http://commons.wikimedia.org/wiki/Special:FilePath/Kuindzhi%20The%20sea%20Gray%20day%20Mariupol%201870s.jpg
Q116171429,Roofs. Winter,Arkhip Kuindzhi,1876-01-01T00:00:00Z,Russian Museum,http://commons.wikimedia.org/wiki/Special:FilePath/Kuindzhi%20Roofs%20Winter%201876.jpg
Q116171073,Patches of moonlight in a forest. Winter,Arkhip Kuindzhi,1900-01-01T00:00:00Z,Russian Museum,http://commons.wikimedia.org/wiki/Special:FilePath/Kuindzhi%20Moonlight%20spots%20in%20a%20forest%20Winter%201898%201908.jpg
Q116171428,Oaks,Arkhip Kuindzhi,1900-01-01T00:00:00Z,Russian Museum,http://commons.wikimedia.org/wiki/Special:FilePath/Kuindzhi%20Oaks%201900%201905.jpg
Q116171382,Autumn,Arkhip Kuindzhi,1875-01-01T00:00:00Z,Russian Museum,http://commons.wikimedia.org/wiki/Special:FilePath/Kuindzhi%20-%20Autumn%20-%201875.jpg
Q116171064,Autumn in Crimea,Arkhip Kuindzhi,,,http://commons.wikimedia.org/wiki/Special:FilePath/Arkhip%20Kuindzhi%20%281841%E2%80%931910%29%20%2C%20%22Autumn%20in%20Crimea%22.png
Q130271486,Q130271486,Arkhip Kuindzhi,1882-01-01T00:00:00Z,Russian Museum,http://commons.wikimedia.org/wiki/Special:FilePath/Archip%20Iwanowitsch%20Kuindshi%20004.jpg
Q16667013,Red Sunset on the Dnieper,Arkhip Kuindzhi,1900-01-01T00:00:00Z,Metropolitan Museum of Art,http://commons.wikimedia.org/wiki/Special:FilePath/1905%20Archip%20Iwanowitsch%20Kuindshi%20Sunset%20Dnieper%20anagoria.JPG
Q116170741,A grove,Arkhip Kuindzhi,1900-01-01T00:00:00Z,Russian Museum,http://commons.wikimedia.org/wiki/Special:FilePath/Kuindzhi%20Grove%201898%201908.jpg
Q4252630,Lake Ladoga,Arkhip Kuindzhi,1873-01-01T00:00:00Z,Russian Museum,http://commons.wikimedia.org/wiki/Special:FilePath/Archip%20Iwanowitsch%20Kuindshi%20008.jpg
Q4110167,Evening in Ukraine,Arkhip Kuindzhi,1878-01-01T00:00:00Z,Russian Museum,http://commons.wikimedia.org/wiki/Special:FilePath/Archip%20Iwanowitsch%20Kuindshi%20007.jpg
Q116171393,Forest Glade. Crimea,Arkhip Kuindzhi,1887-01-01T00:00:00Z,Russian Museum,http://commons.wikimedia.org/wiki/Special:FilePath/Kuindzhi%20-%20Forest%20Glade%2C%20Crimea%20-%201887.jpg
Q116172077,Midday. Herd on the steppe,Arkhip Kuindzhi,1890-01-01T00:00:00Z,Russian Museum,http://commons.wikimedia.org/wiki/Special:FilePath/Kuindzhi%20Noon%20Herd%20in%20the%20steppe%201890%201895.jpg
Q116172034,Roofs,Arkhip Kuindzhi,1887-01-01T00:00:00Z,Russian Museum,http://commons.wikimedia.org/wiki/Special:FilePath/Kuindzhi%20Roofs.jpg
Q4310991,On the Island of Valaam,Arkhip Kuindzhi,1873-01-01T00:00:00Z,Tretyakov Gallery,http://commons.wikimedia.org/wiki/Special:FilePath/Kuindzhi%20At%20Valaam%20island%201873.jpg
Q116171112,"Moon Night, Thinking",Arkhip Kuindzhi,1883-01-01T00:00:00Z,Russian Museum,http://commons.wikimedia.org/wiki/Special:FilePath/Kuindzhi%20Moon%20night%20Thinking%201876%201890.jpg
Q116172137,Breakers on a rainy day,Arkhip Kuindzhi,1890-01-01T00:00:00Z,Russian Museum,http://commons.wikimedia.org/wiki/Special:FilePath/Kuindzhi%20breakers%20rainy%20day.jpg
Q116171395,Birch Grove,Arkhip Kuindzhi,1880-01-01T00:00:00Z,Russian Museum,http://commons.wikimedia.org/wiki/Special:FilePath/Kuindzhi%20Birch%20Grove%201880s.jpg
Q116171365,A forest lake. A cloud,Arkhip Kuindzhi,1900-01-01T00:00:00Z,Russian Museum,http://commons.wikimedia.org/wiki/Special:FilePath/Kuindzhi%20Forest%20lake%20Cloud%20not%20before%201890.jpg
Q116172111,Sunset in the steppe on a seashore,Arkhip Kuindzhi,1900-01-01T00:00:00Z,Russian Museum,http://commons.wikimedia.org/wiki/Special:FilePath/Kuindzhi%20Sunset%20in%20Steppe%20at%20the%20Seashore%201898%201908.jpg
Q4182793,Kuindzhi Forgotten village,Arkhip Kuindzhi,1874-01-01T00:00:00Z,Tretyakov Gallery,http://commons.wikimedia.org/wiki/Special:FilePath/Kuindzhi%20Forgotten%20village%201874.jpg
Q61286508,Ai-Petri. Crimea,Arkhip Kuindzhi,1890-01-01T00:00:00Z,Russian Museum,http://commons.wikimedia.org/wiki/Special:FilePath/Kuindzhi%20Ai-Petri%20Crimea%201898%201908.jpg
Q116171410,Autumn. Stormy day over the steppe,Arkhip Kuindzhi,1875-01-01T00:00:00Z,Tretyakov Gallery,http://commons.wikimedia.org/wiki/Special:FilePath/1875.%20Kuindzhi%20Autumn%20stormy%20day.jpg
Q58443545,Night on the Dniepr,Arkhip Kuindzhi,1882-01-01T00:00:00Z,Tretyakov Gallery,http://commons.wikimedia.org/wiki/Special:FilePath/Arkhip%20Kuindzhi%20-%20%D0%9D%D0%BE%D1%87%D1%8C%20%D0%BD%D0%B0%20%D0%94%D0%BD%D0%B5%D0%BF%D1%80%D0%B5%20-%20Google%20Art%20Project.jpg
Q116171415,Autumn. Fog,Arkhip Kuindzhi,1890-01-01T00:00:00Z,Russian Museum,http://commons.wikimedia.org/wiki/Special:FilePath/Kuindzhi%20Autumn%20Fog%201898%201908.jpg
Q3272319,Chumaks path in Mariupol,Arkhip Kuindzhi,1875-01-01T00:00:00Z,Tretyakov Gallery,http://commons.wikimedia.org/wiki/Special:FilePath/1875.%20Kuindzhi%20Mariupol.jpg
Q116170720,After the rain,Arkhip Kuindzhi,1890-01-01T00:00:00Z,Russian Museum,http://commons.wikimedia.org/wiki/Special:FilePath/Kuindzhi%20After%20a%20rain%201890%201895.jpg
Q116171401,Birch Grove,Arkhip Kuindzhi,1879-01-01T00:00:00Z,Russian Museum,http://commons.wikimedia.org/wiki/Special:FilePath/Kuindzhi%20Birch%20Grove%201879.jpg
Q3206123,Ukrainian Night,Arkhip Kuindzhi,1876-01-01T00:00:00Z,Tretyakov Gallery,http://commons.wikimedia.org/wiki/Special:FilePath/Kuindzhi%20Ukrainian%20night%201876.jpg
Q116172164,Birch grove. Sunlight spots,Arkhip Kuindzhi,1890-01-01T00:00:00Z,Russian Museum,http://commons.wikimedia.org/wiki/Special:FilePath/Kuindzhi%20Birch%20grove%20Sunlight%20spots%201890%201895.jpg
Q116171420,A forest with a birch,Arkhip Kuindzhi,1887-01-01T00:00:00Z,Russian Museum,http://commons.wikimedia.org/wiki/Special:FilePath/Kuindzhi%20A%20forest%20with%20a%20birch%201885%201890.jpg
Q130271491,Q130271491,Arkhip Kuindzhi,,Tretyakov Gallery,http://commons.wikimedia.org/wiki/Special:FilePath/Archip%20Iwanowitsch%20Kuindshi%20002.jpg
Q116170827,Elbrus,Arkhip Kuindzhi,1900-01-01T00:00:00Z,Russian Museum,http://commons.wikimedia.org/wiki/Special:FilePath/Kuindzhi%20Elbrus%20in%20the%20daytime%201898%201908.jpg
Q116170868,Forest,Arkhip Kuindzhi,1887-01-01T00:00:00Z,,http://commons.wikimedia.org/wiki/Special:FilePath/Kuindzhi%20Forest%201887.jpg
Q116170981,Sunset,Arkhip Kuindzhi,1900-01-01T00:00:00Z,Russian Museum,http://commons.wikimedia.org/wiki/Special:FilePath/Kuindzhi%20Clouds1%201900%201905.jpg
Q116172180,Patches of Sunlight on Hoarfrost,Arkhip Kuindzhi,1800-01-01T00:00:00Z,Russian Museum,http://commons.wikimedia.org/wiki/Special:FilePath/Kuindzhi%20Sunlight%20on%20the%20hoar%20frost%201876%201890.jpg
Q116172109,Portrait of an unknown man,Arkhip Kuindzhi,1890-01-01T00:00:00Z,Russian Museum,http://commons.wikimedia.org/wiki/Special:FilePath/Kuindzhi%20Portrait%20of%20unknown%20man%201890%201895.jpg
Q116171378,Mountain Valley. Crimea,Arkhip Kuindzhi,1890-01-01T00:00:00Z,Russian Museum,http://commons.wikimedia.org/wiki/Special:FilePath/Kuindzhi%20Mountain%20Valley%20Crimea.jpg
Q116172096,Sunset in a forest,Arkhip Kuindzhi,1910-01-01T00:00:00Z,,http://commons.wikimedia.org/wiki/Special:FilePath/Kuindzhi%20Sunset%20in%20a%20forest%20unk.jpg
Q116172074,Night on the Dnieper,Arkhip Kuindzhi,1882-01-01T00:00:00Z,,http://commons.wikimedia.org/wiki/Special:FilePath/Kuindzhi%20night%20on%20the%20Dnieper%20Simferopol.jpg
Q116170840,Elbrus in the daytime,Arkhip Kuindzhi,1900-01-01T00:00:00Z,Russian Museum,http://commons.wikimedia.org/wiki/Special:FilePath/Kuindzhi%20Elbrus%20in%20the%20daytime%201890%20or%20later.jpg
Q3205872,Moonlit Night on the Dnieper,Arkhip Kuindzhi,1880-01-01T00:00:00Z,Russian Museum,http://commons.wikimedia.org/wiki/Special:FilePath/Kuindzhi%20Moonlit%20night%20on%20the%20Dnieper%201880%20grm%20x2.jpg
Q116170992,Evening,Arkhip Kuindzhi,1890-01-01T00:00:00Z,,http://commons.wikimedia.org/wiki/Special:FilePath/Kuindzhi%20Evening%201885%201890.jpg
Q116170945,The Dnieper,Arkhip Kuindzhi,1900-01-01T00:00:00Z,Russian Museum,http://commons.wikimedia.org/wiki/Special:FilePath/Kuindzhi%20Dnieper%20study%201901.jpg
Q4337624,The autumn slush,Arkhip Kuindzhi,1870-01-01T00:00:00Z,Russian Museum,http://commons.wikimedia.org/wiki/Special:FilePath/Kuindzhi%20The%20autumn%20slush.jpg
Q20800148,Landscape in Crimea,Arkhip Kuindzhi,1896-01-01T00:00:00Z,Finnish National Gallery,http://commons.wikimedia.org/wiki/Special:FilePath/Arhip%20Ivanovit%C5%A1%20Kuindzi%20-%20Landscape%20in%20Crimea%20-%20A%20V%204492%20-%20Finnish%20National%20Gallery.jpg
Q116172065,Rocky seashore. The Crimea,Arkhip Kuindzhi,1887-01-01T00:00:00Z,Russian Museum,http://commons.wikimedia.org/wiki/Special:FilePath/Kuindzhi%20Rocky%20seashore%20The%20Crimea.jpg
Q116170819,Clouds,Arkhip Kuindzhi,1900-01-01T00:00:00Z,Russian Museum,http://commons.wikimedia.org/wiki/Special:FilePath/Kuindzhi%20Clouds%201900%201905.jpg
Q116172168,Snow peaks. The Caucasus,Arkhip Kuindzhi,1900-01-01T00:00:00Z,Russian Museum,http://commons.wikimedia.org/wiki/Special:FilePath/Kuindzhi%20Snow%20peaks%20Caucasus%201890%201895.jpg
Q4387904,Rainbow,Arkhip Kuindzhi,1900-01-01T00:00:00Z,Russian Museum,http://commons.wikimedia.org/wiki/Special:FilePath/Archip%20Iwanowitsch%20Kuindshi%20009.jpg
Q116172175,Sea surf. The Crimea,Arkhip Kuindzhi,1800-01-01T00:00:00Z,Russian Museum,http://commons.wikimedia.org/wiki/Special:FilePath/Kuindzhi%20Sea%20Surf%20Crimea%201876%201890.jpg
Q112959114,Night at the Don,Arkhip Kuindzhi,1882-01-01T00:00:00Z,Kiev National Picture Gallery,http://commons.wikimedia.org/wiki/Special:FilePath/Kuindzhi%20Night%20at%20the%20Don%201882.jpg
Q116171369,Mountain slope. The Crimea,Arkhip Kuindzhi,1887-01-01T00:00:00Z,Russian Museum,http://commons.wikimedia.org/wiki/Special:FilePath/Kuindzhi%20Mountain%20slope%20The%20Crimea%201885%201890.jpg
Q4327763,Night,Arkhip Kuindzhi,1908-01-01T00:00:00Z,Russian Museum,http://commons.wikimedia.org/wiki/Special:FilePath/00Kuindzhi%20NochnoeGRM1.jpg
Q110498474,"Moon Spots in the Forest, Winter",Arkhip Kuindzhi,1800-01-01T00:00:00Z,Russian Museum,http://commons.wikimedia.org/wiki/Special:FilePath/Archip%20Iwanowitsch%20Kuindshi%20003.jpg
Q116170822,The Crimea,Arkhip Kuindzhi,1900-01-01T00:00:00Z,Russian Museum,http://commons.wikimedia.org/wiki/Special:FilePath/Kuindzhi%20Crimea%201900%201905.jpg
Q116172163,Birch grove (study),Arkhip Kuindzhi,1903-01-01T00:00:00Z,,http://commons.wikimedia.org/wiki/Special:FilePath/Kuindzhi%20Birch%20grove%20study%201898%201908.jpg
Q4411981,The North,Arkhip Kuindzhi,1879-01-01T00:00:00Z,Tretyakov Gallery,http://commons.wikimedia.org/wiki/Special:FilePath/Arkhip%20Kuindzhi%20-%20North.jpg
Q116172098,Sunlight in the park,Arkhip Kuindzhi,1890-01-01T00:00:00Z,Russian Museum,http://commons.wikimedia.org/wiki/Special:FilePath/Kuindzhi%20Sunlight%20in%20a%20park%201898%201908.jpg
Q116172071,Red Sunset,Arkhip Kuindzhi,1900-01-01T00:00:00Z,Russian Museum,http://commons.wikimedia.org/wiki/Special:FilePath/Kuindzhi%20Red%20sunset%20study%201890%201895.jpg
Q116170852,Early spring,Arkhip Kuindzhi,1895-01-01T00:00:00Z,,http://commons.wikimedia.org/wiki/Special:FilePath/Kuindzhi%20Early%20spring%201890%201895.jpg
Q116171361,Glade in the forest. Fog,Arkhip Kuindzhi,1890-01-01T00:00:00Z,Russian Museum,http://commons.wikimedia.org/wiki/Special:FilePath/Kuindzhi%20Glade%20in%20a%20forest%20Fog%201898%201908.jpg
Q3206145,Dnieper in the morning,Arkhip Kuindzhi,1881-01-01T00:00:00Z,Tretyakov Gallery,http://commons.wikimedia.org/wiki/Special:FilePath/Kuindzhi%20Dnieper%20in%20the%20morning%201881.jpg
Q116172127,A boat in the sea. The Crimea,Arkhip Kuindzhi,1875-01-01T00:00:00Z,Russian Museum,http://commons.wikimedia.org/wiki/Special:FilePath/Kuindzhi%20Boat%20in%20the%20sea%20before%201875.jpg
Q116170814,Cloud over the Steppe,Arkhip Kuindzhi,1890-01-01T00:00:00Z,Russian Museum,http://commons.wikimedia.org/wiki/Special:FilePath/Kuindzhi%20Cloud%201898%201908.jpg
Q116171022,Evening on the Steppe,Arkhip Kuindzhi,1883-01-01T00:00:00Z,Russian Museum,http://commons.wikimedia.org/wiki/Special:FilePath/Kuindzhi%20Evening%20on%20the%20Steppe.jpg
Q123594768,Dogs,Ulyana Nesheva,,,http://commons.wikimedia.org/wiki/Special:FilePath/2013%2C%20Dogs%2C%20oil%20on%20canvas%2C%20130%20x%20150%20cm.jpg
Q55409713,Q55409713,Orest Skop,1998-01-01T00:00:00Z,Andy Warhol Museum of Modern Art,
Q134310269,Calm,Mykhailo Bokotey,,,http://commons.wikimedia.org/wiki/Special:FilePath/Bokotey%20calm.jpg
Q112265444,Mushroom soup,Іrina Babichenko,2018-01-01T00:00:00Z,,
Q112266124,Girl on a ball,Іrina Babichenko,2018-01-01T00:00:00Z,,
Q112269631,Ladies from the Ministry of Health,Іrina Babichenko,2018-01-01T00:00:00Z,,
Q112273999,Femina,Іrina Babichenko,2018-01-01T00:00:00Z,,
Q112958888,Portrait of the grandmother,Myroslav Dusinkevych,2018-03-15T00:00:00Z,,http://commons.wikimedia.org/wiki/Special:FilePath/Portrait%20of%20grandmother%2050%D0%A540-cm%20oil%20on%20canvas.jpg
Q134310317,Fog,Mykhailo Bokotey,,,http://commons.wikimedia.org/wiki/Special:FilePath/Bokotey%20fog.jpg
Q134310307,Frozen,Mykhailo Bokotey,,,http://commons.wikimedia.org/wiki/Special:FilePath/Bokotey%20frozen.jpg
Q123594759,Pigeon Lady,Ulyana Nesheva,,,http://commons.wikimedia.org/wiki/Special:FilePath/2013%2C%20Pigeon%20Lady%2C%20oil%20on%20canvas%2C%20130%20x%20150%20cm.jpg
Q134310337,Chinese spring,Mykhailo Bokotey,,,http://commons.wikimedia.org/wiki/Special:FilePath/Bokotey%20chinesespring.jpg
Q134310302,Road to lake,Mykhailo Bokotey,,,http://commons.wikimedia.org/wiki/Special:FilePath/Bokotey%20roadtolake.jpg
Q134310283,Svitiaz,Mykhailo Bokotey,,,http://commons.wikimedia.org/wiki/Special:FilePath/Bokotey%20svitiaz.jpg
Q134310290,Spring,Mykhailo Bokotey,,,http://commons.wikimedia.org/wiki/Special:FilePath/Bokotey%20spring.jpg
Q112007072,Carpathian Village,Myroslav Dusinkevych,,,http://commons.wikimedia.org/wiki/Special:FilePath/Carpathian%20village%2060X70cm%20oil%20on%20canvas.jpg
Q62472347,Q62472347,Volodymyr Mykyta,1987-01-01T00:00:00Z,East Slovak Gallery,
Q115979721,Q115979721,Fyodor Zakharov,1964-01-01T00:00:00Z,,http://commons.wikimedia.org/wiki/Special:FilePath/Sacharow%20St%C3%BCrmischer%20Wind%20bei%20Livadia.JPG
Q20091239,portrait of Petro Kalnyshevskyy,Fedir Panko,1990-01-01T00:00:00Z,,
Q64521804,Untitled,Milton Resnick,1982-01-01T00:00:00Z,Whitney Museum of American Art,
Q47606164,"Навіки з Москвою, навіки з російським народом",Mykhaylo Khmelko,1951-01-01T00:00:00Z,National Art Museum of Ukraine,
Q19917714,Model B,Milton Resnick,1958-01-01T00:00:00Z,Metropolitan Museum of Art,
Q19917806,Untitled,Milton Resnick,1945-01-01T00:00:00Z,Metropolitan Museum of Art,
Q112066276,Yuletide Fortune Tellers,Mykola Pymonenko,1888-01-01T00:00:00Z,Russian Museum,http://commons.wikimedia.org/wiki/Special:FilePath/Mykola%20Pymonenko-Vorozhinnia.jpg
Q111089426,Flower girl,Mykola Pymonenko,1908-01-01T00:00:00Z,National Art Museum of Ukraine,http://commons.wikimedia.org/wiki/Special:FilePath/Pimonenko%20007.jpg
Q104215432,Q104215432,Zoltan Mitchka,1989-01-01T00:00:00Z,East Slovak Gallery,
Q25261971,A boy in a straw hat,Mykola Pymonenko,1905-01-01T00:00:00Z,National Museum in Warsaw,http://commons.wikimedia.org/wiki/Special:FilePath/Miko%C5%82aj%20K.%20Pimonienko%20-%20Study%20of%20a%20young%20boy%20in%20a%20straw%20hat%20-%20M.Ob.908%20-%20National%20Museum%20in%20Warsaw.jpg
Q25261971,A boy in a straw hat,Mykola Pymonenko,1905-01-01T00:00:00Z,National Museum in Warsaw,http://commons.wikimedia.org/wiki/Special:FilePath/Pymonenko%20A%20boy%20in%20a%20straw%20hat.jpg
Q136225773,Lost Flowers,Ivan Marchuk,1995-01-01T00:00:00Z,,
Q51046686,Q51046686,Larissa Rezun-Zwezdochyotova,1984-01-01T00:00:00Z,Tartu Art Museum's watercolor collection,
Q19921136,Wedding,Milton Resnick,1962-01-01T00:00:00Z,Metropolitan Museum of Art,
Q62513283,Q62513283,Zoltan Mitchka,1989-01-01T00:00:00Z,East Slovak Gallery,
Q105626154,Kafa,Artur Orlionov,1616-01-01T00:00:00Z,http://www.wikidata.org/.well-known/genid/869714187666ef88140e9c11d7be7cfc,
Q62470367,Q62470367,Yuriy Herts,1987-01-01T00:00:00Z,East Slovak Gallery,
Q51051608,Q51051608,Larissa Rezun-Zwezdochyotova,1984-01-01T00:00:00Z,Tartu Art Museum's watercolor collection,
Q104657612,Baikal – fishing village,Juliusz Krajewski,1969-01-01T00:00:00Z,National Museum in Warsaw,
Q19888539,Earth,Milton Resnick,1976-01-01T00:00:00Z,Museum of Modern Art,
Q77538670,Untitled,Milton Resnick,1982-01-01T00:00:00Z,Buffalo AKG Art Museum,
Q104637339,In a kitchen,Juliusz Krajewski,1947-01-01T00:00:00Z,National Museum in Warsaw,
Q24062309,Project of the Battle of Poltawa,Oleg Tistol,1991-01-01T00:00:00Z,Stedelijk Museum Amsterdam,
Q113559642,A Dove Has Spread Her Wings and Asks for Peace,Maria Prymachenko,1982-01-01T00:00:00Z,,
Q112066301,Meeting,Mykola Pymonenko,1908-01-01T00:00:00Z,Fine Arts Museum Kharkiv,http://commons.wikimedia.org/wiki/Special:FilePath/Mykola%20Pymonenko.%20Meeting.jpg
Q130860908,Moon Rises Over the Dnipro,Ivan Marchuk,1980-01-01T00:00:00Z,,http://commons.wikimedia.org/wiki/Special:FilePath/%D0%86%D0%B2%D0%B0%D0%BD%20%D0%9C%D0%B0%D1%80%D1%87%D1%83%D0%BA%2C%20%C2%AB%D0%97%D1%96%D0%B9%D1%88%D0%BE%D0%B2%20%D0%BC%D1%96%D1%81%D1%8F%D1%86%D1%8C%20%D0%BD%D0%B0%D0%B4%20%D0%94%D0%BD%D1%96%D0%BF%D1%80%D0%BE%D0%BC%C2%BB%2C%201980.png
Q51180771,Q51180771,Volodymyr Mykyta,1983-01-01T00:00:00Z,Gallery of Spiš Artists,
Q76558927,Untitled (Woman and Child in War Landscape),David Bekker,1938-01-01T00:00:00Z,National Gallery of Art,
Q62524959,Q62524959,Edit Medveczkyné Luták,1985-01-01T00:00:00Z,East Slovak Gallery,
Q62513710,Q62513710,Zoltan Mitchka,1989-01-01T00:00:00Z,East Slovak Gallery,
Q104655622,Happy Valley,Juliusz Krajewski,1968-01-01T00:00:00Z,National Museum in Warsaw,
Q4274500,Masepiana,Heorhii Yakutovych,,,
Q51239796,Q51239796,Tetiana Yablonska,1977-01-01T00:00:00Z,Slovak National Gallery,
Q55409607,Q55409607,Vasyl Fedoruk,1998-01-01T00:00:00Z,Andy Warhol Museum of Modern Art,
Q51047372,Q51047372,Larissa Rezun-Zwezdochyotova,1984-01-01T00:00:00Z,Tartu Art Museum's watercolor collection,
Q51181004,Q51181004,Volodymyr Mykyta,1983-01-01T00:00:00Z,Gallery of Spiš Artists,
Q112066266,Matchmakers,Mykola Pymonenko,1882-01-01T00:00:00Z,Kovalenko Krasnodar Regional Art Museum,http://commons.wikimedia.org/wiki/Special:FilePath/Mykola%20Pymonenko-Svaty.jpg
Q42565123,Russian soldier in the theater,Mykola Pymonenko,1880-01-01T00:00:00Z,National Museum in Warsaw,http://commons.wikimedia.org/wiki/Special:FilePath/Miko%C5%82aj%20K.%20Pimonienko%20-%20Russian%20soldier%20at%20the%20theatre%20-%20M.Ob.909%20-%20National%20Museum%20in%20Warsaw.jpg
Q42565123,Russian soldier in the theater,Mykola Pymonenko,1880-01-01T00:00:00Z,National Museum in Warsaw,http://commons.wikimedia.org/wiki/Special:FilePath/Pymonenko%20Russian%20soldier%20in%20the%20theater.jpg
Q104032814,Untitled,Milton Resnick,1957-01-01T00:00:00Z,Vanderbilt Museum of Art,
Q104605973,Mielnik,Juliusz Krajewski,,National Museum in Warsaw,
Q20502698,New Bride,Milton Resnick,1963-01-01T00:00:00Z,Smithsonian American Art Museum,
Q115606898,Shevchenkiana by Ivan Marchuk,Ivan Marchuk,1983-01-01T00:00:00Z,National Museum Тaras Shevchenko,http://commons.wikimedia.org/wiki/Special:FilePath/%D0%A8%D0%B5%D0%B2%D1%87%D0%B5%D0%BD%D0%BA%D1%96%D0%B0%D0%BD%D0%B0%20%D0%86%D0%B2%D0%B0%D0%BD%D0%B0%20%D0%9C%D0%B0%D1%80%D1%87%D1%83%D0%BA%D0%B0%2C%20%D0%86%D0%BB%D1%8E%D1%81%D1%82%D1%80%D0%B0%D1%86%D1%96%D1%8F%20%D0%B4%D0%BE%20%D0%BF%D0%BE%D0%B5%D0%BC%D0%B8%20%D0%A2.%20%D0%93.%20%D0%A8%D0%B5%D0%B2%D1%87%D0%B5%D0%BD%D0%BA%D0%B0%20%C2%AB%D0%A2%D0%B0%D1%80%D0%B0%D1%81%D0%BE%D0%B2%D0%B0%20%D0%BD%D1%96%D1%87%C2%BB%2C%2025.jpg
Q112066285,Вечоріє,Mykola Pymonenko,,Rybinsk Museum-Preserve,http://commons.wikimedia.org/wiki/Special:FilePath/Mykola%20Pymonenko-Vechoriye.jpg
Q19887474,Burning Bush,Milton Resnick,1959-01-01T00:00:00Z,Museum of Modern Art,
Q115606898,Shevchenkiana by Ivan Marchuk,Ivan Marchuk,1983-01-01T00:00:00Z,Shevtchenko national reserve,http://commons.wikimedia.org/wiki/Special:FilePath/%D0%A8%D0%B5%D0%B2%D1%87%D0%B5%D0%BD%D0%BA%D1%96%D0%B0%D0%BD%D0%B0%20%D0%86%D0%B2%D0%B0%D0%BD%D0%B0%20%D0%9C%D0%B0%D1%80%D1%87%D1%83%D0%BA%D0%B0%2C%20%D0%86%D0%BB%D1%8E%D1%81%D1%82%D1%80%D0%B0%D1%86%D1%96%D1%8F%20%D0%B4%D0%BE%20%D0%BF%D0%BE%D0%B5%D0%BC%D0%B8%20%D0%A2.%20%D0%93.%20%D0%A8%D0%B5%D0%B2%D1%87%D0%B5%D0%BD%D0%BA%D0%B0%20%C2%AB%D0%A2%D0%B0%D1%80%D0%B0%D1%81%D0%BE%D0%B2%D0%B0%20%D0%BD%D1%96%D1%87%C2%BB%2C%2025.jpg
Q28040134,Like Elephant,Milton Resnick,1979-01-01T00:00:00Z,"Museum of Fine Arts, Houston",
Q115606898,Shevchenkiana by Ivan Marchuk,Ivan Marchuk,1984-01-01T00:00:00Z,National Museum Тaras Shevchenko,http://commons.wikimedia.org/wiki/Special:FilePath/%D0%A8%D0%B5%D0%B2%D1%87%D0%B5%D0%BD%D0%BA%D1%96%D0%B0%D0%BD%D0%B0%20%D0%86%D0%B2%D0%B0%D0%BD%D0%B0%20%D0%9C%D0%B0%D1%80%D1%87%D1%83%D0%BA%D0%B0%2C%20%D0%86%D0%BB%D1%8E%D1%81%D1%82%D1%80%D0%B0%D1%86%D1%96%D1%8F%20%D0%B4%D0%BE%20%D0%BF%D0%BE%D0%B5%D0%BC%D0%B8%20%D0%A2.%20%D0%93.%20%D0%A8%D0%B5%D0%B2%D1%87%D0%B5%D0%BD%D0%BA%D0%B0%20%C2%AB%D0%A2%D0%B0%D1%80%D0%B0%D1%81%D0%BE%D0%B2%D0%B0%20%D0%BD%D1%96%D1%87%C2%BB%2C%2025.jpg
Q112274022,Man in embroidered shirt,Heorhii Beltsov,,,
Q93284364,Q93284364,Mykhaylo Khmelko,1949-01-01T00:00:00Z,Tretyakov Gallery,
Q76558927,Untitled (Woman and Child in War Landscape),David Bekker,1938-01-01T00:00:00Z,Prints in the National Gallery of Art,
Q115606898,Shevchenkiana by Ivan Marchuk,Ivan Marchuk,1984-01-01T00:00:00Z,Shevtchenko national reserve,http://commons.wikimedia.org/wiki/Special:FilePath/%D0%A8%D0%B5%D0%B2%D1%87%D0%B5%D0%BD%D0%BA%D1%96%D0%B0%D0%BD%D0%B0%20%D0%86%D0%B2%D0%B0%D0%BD%D0%B0%20%D0%9C%D0%B0%D1%80%D1%87%D1%83%D0%BA%D0%B0%2C%20%D0%86%D0%BB%D1%8E%D1%81%D1%82%D1%80%D0%B0%D1%86%D1%96%D1%8F%20%D0%B4%D0%BE%20%D0%BF%D0%BE%D0%B5%D0%BC%D0%B8%20%D0%A2.%20%D0%93.%20%D0%A8%D0%B5%D0%B2%D1%87%D0%B5%D0%BD%D0%BA%D0%B0%20%C2%AB%D0%A2%D0%B0%D1%80%D0%B0%D1%81%D0%BE%D0%B2%D0%B0%20%D0%BD%D1%96%D1%87%C2%BB%2C%2025.jpg
Q51181566,Q51181566,Volodymyr Mykyta,1983-01-01T00:00:00Z,Gallery of Spiš Artists,
Q112126977,Ukraine. The flight. (fragm.),Alexander Ivanovich Gumenchuk,,,
Q104649904,Wilanów,Juliusz Krajewski,1961-01-01T00:00:00Z,National Museum in Warsaw,
Q20502710,Untitled,Milton Resnick,1975-01-01T00:00:00Z,Smithsonian American Art Museum,
Q20502721,Untitled,Milton Resnick,1975-01-01T00:00:00Z,Smithsonian American Art Museum,
Q51048137,Q51048137,Larissa Rezun-Zwezdochyotova,1984-01-01T00:00:00Z,Tartu Art Museum's watercolor collection,
Q51048151,Q51048151,Larissa Rezun-Zwezdochyotova,1984-01-01T00:00:00Z,Tartu Art Museum's watercolor collection,
Q56649503,Хліб,Tetiana Yablonska,1949-01-01T00:00:00Z,Tretyakov Gallery,http://commons.wikimedia.org/wiki/Special:FilePath/1967%20CPA%203588.jpg
Q22261762,Landing Party,Sergey Bratkov,2000-01-01T00:00:00Z,Stedelijk Museum voor Actuele Kunst,
Q104708119,Weeping women,Juliusz Krajewski,1962-01-01T00:00:00Z,National Museum in Warsaw,
Q123614066,Wedding in Kyiv Gubernia,Mykola Pymonenko,1891-01-01T00:00:00Z,National Art Museum of Ukraine,http://commons.wikimedia.org/wiki/Special:FilePath/%D0%9F%D0%B8%D0%BC%D0%BE%D0%BD%D0%B5%D0%BD%D0%BA%D0%BE%20%D0%9C%20%D0%92%D0%B5%D1%81%D1%96%D0%BB%D0%BB%D1%8F%20%D0%B2%20%D0%9A%D0%B8%D1%97%D0%B2%D1%81%D1%8C%D0%BA%D1%96%D0%B9%20%D0%B3%D1%83%D0%B1%D0%B5%D1%80%D0%BD%D1%96%D1%97%201891.PNG
Q104639004,Portrait of Professor Michał Boruciński,Juliusz Krajewski,1952-01-01T00:00:00Z,National Museum in Warsaw,
Q112126964,Podolsk landscape,Alexander Ivanovich Gumenchuk,1997-08-26T00:00:00Z,,
Q105626228,"Galician units in the Battle of Grunwald between the Polish-Lithuanian Commonwealth and the Teutonic Knights on July 15, 1410.",Artur Orlionov,,http://www.wikidata.org/.well-known/genid/da533c84926624dcd0885bc43159ca18,
Q105626508,Bohdan Khmelnytsky,Artur Orlionov,,http://www.wikidata.org/.well-known/genid/e0349bd5eb852f42225047e5f543296a,
Q105626292,Feodor Ostrogski's blessing. Kiev-Pechersk Lavra. 1443.,Artur Orlionov,,http://www.wikidata.org/.well-known/genid/9a826e071daee119d1fa70790f503122,
Q112126969,Night song at the end of the day,Alexander Ivanovich Gumenchuk,1998-08-26T00:00:00Z,,
Q51043588,Q51043588,Larissa Rezun-Zwezdochyotova,1984-01-01T00:00:00Z,Tartu Art Museum's watercolor collection,
Q64515797,Genie,Milton Resnick,1959-01-01T00:00:00Z,Whitney Museum of American Art,
Q116450677,Have a trip!,Mykola Pymonenko,,,http://commons.wikimedia.org/wiki/Special:FilePath/Pymonenko%20U%20pohid%201902.jpg
Q20502732,Wheel,Milton Resnick,1961-01-01T00:00:00Z,Smithsonian American Art Museum,
Q119417083,Adagio,Oleg Holosiy,1990-01-01T00:00:00Z,Glasgow Museums Resource Centre,
Q111334155,Q111334155,Mykola Pymonenko,1886-01-01T00:00:00Z,National Art Museum of Ukraine,http://commons.wikimedia.org/wiki/Special:FilePath/Mykola%20Pymonenko-Avtoportret.jpg
Q104650699,Woman,Juliusz Krajewski,1964-01-01T00:00:00Z,National Museum in Warsaw,
Q51034588,Q51034588,Larissa Rezun-Zwezdochyotova,1984-01-01T00:00:00Z,Tartu Art Museum's watercolor collection,
Q111089816,Idyll,Mykola Pymonenko,1908-01-01T00:00:00Z,National Art Museum of Ukraine,http://commons.wikimedia.org/wiki/Special:FilePath/%D0%9F%D0%B8%D0%BC%D0%BE%D0%BD%D0%B5%D0%BD%D0%BA%D0%BEg.jpg
Q105626192,Q105626192,Artur Orlionov,,http://www.wikidata.org/.well-known/genid/80c8506f3fe17c32209f12bd0335634a,
Q111822246,Waiting for the Blessing,Mykola Pymonenko,1891-01-01T00:00:00Z,Rybinsk Museum-Preserve,http://commons.wikimedia.org/wiki/Special:FilePath/PimonenkoNK%20PashalZautrRYB.jpg
Q125567826,Effect of Butterfly,Anastasiya Markovich,,,http://commons.wikimedia.org/wiki/Special:FilePath/Anastasiya%20Markovich%20Effect%20of%20Butterfly.jpg
Q62523335,Q62523335,Yuriy Herts,1987-01-01T00:00:00Z,East Slovak Gallery,
Q51034852,Q51034852,Larissa Rezun-Zwezdochyotova,1984-01-01T00:00:00Z,Tartu Art Museum's watercolor collection,
Q136799531,Юність,Tetiana Yablonska,1969-01-01T00:00:00Z,,
Q51034884,Q51034884,Larissa Rezun-Zwezdochyotova,1984-01-01T00:00:00Z,Tartu Art Museum's watercolor collection,
Q104637831,Expressing gratitude to a tractor driver,Juliusz Krajewski,1950-01-01T00:00:00Z,National Museum in Warsaw,
Q93764202,"Zalyvakha, Opanas. Zone (Zona), 1972. Painting.",Opanas Zalyvakha,1972-01-01T00:00:00Z,Sixtiers Museum Collection,
Q116450090,Out of the woods,Mykola Pymonenko,1900-01-01T00:00:00Z,Tretyakov Gallery,http://commons.wikimedia.org/wiki/Special:FilePath/%D0%9F%D0%B8%D0%BC%D0%BE%D0%BD%D0%B5%D0%BD%D0%BA%D0%BE%20%D0%98%D0%B7-%D0%BB%D0%B5%D1%81%D1%83%201900.jpg
Q112263942,Blue dream,Volodymyr Horodysky,2000-01-01T00:00:00Z,,
Q111089188,У затінку,Mykola Pymonenko,1900-01-01T00:00:00Z,National Art Museum of Ukraine,http://commons.wikimedia.org/wiki/Special:FilePath/%D0%9C%D0%B8%D0%BA%D0%BE%D0%BB%D0%B0%20%D0%9F%D0%B8%D0%BC%D0%BE%D0%BD%D0%B5%D0%BD%D0%BA%D0%BE.%20%D0%A3%20%D0%B7%D0%B0%D1%82%D1%96%D0%BD%D0%BA%D1%83.jpg
Q113031034,Evil must die!,Oleg Shupliak,,,http://commons.wikimedia.org/wiki/Special:FilePath/Oleg%20Shupliak%20Art%202022.jpg
Q59530805,Saturn,Milton Resnick,1976-01-01T00:00:00Z,National Gallery of Canada,
Q93765047,"Zalyvakha, Opanas. Billiards (Tabirne), 1989. Painting",Opanas Zalyvakha,1989-01-01T00:00:00Z,Sixtiers Museum Collection,
Q112127148,Etude of female body II,Ihor Podolchak,1993-01-01T00:00:00Z,,http://commons.wikimedia.org/wiki/Special:FilePath/Podolchak%20Painting%2037-1993.jpg
Q104636799,Stream in Jaworki,Juliusz Krajewski,,National Museum in Warsaw,
Q104636793,Vistula at Kołczyn,Juliusz Krajewski,,National Museum in Warsaw,
Q112066256,Haymaking,Mykola Pymonenko,1850-01-01T00:00:00Z,Fine Arts Museum Kharkiv,http://commons.wikimedia.org/wiki/Special:FilePath/Mykola%20Pymonenko-Sinokis.jpg
Q106864468,#437,Milton Resnick,1958-01-01T00:00:00Z,Harvard Art Museums,
Q130213615,Motherland meets the hero,Mykhaylo Khmelko,1961-01-01T00:00:00Z,,
Q64515181,R.D. #3,Milton Resnick,1957-01-01T00:00:00Z,Whitney Museum of American Art,
Q104651782,Conversation,Juliusz Krajewski,1966-01-01T00:00:00Z,National Museum in Warsaw,
Q99322583,Ford,Mykola Pymonenko,1901-01-01T00:00:00Z,Odesa Fine Arts Museum,http://commons.wikimedia.org/wiki/Special:FilePath/Mykola%20Pymonenko-Brod.jpg
Q64515430,Low Gate,Milton Resnick,1957-01-01T00:00:00Z,Whitney Museum of American Art,
Q19920651,Untitled,Milton Resnick,1982-01-01T00:00:00Z,Metropolitan Museum of Art,
Q104175570,Q104175570,Pavel Balla,1979-01-01T00:00:00Z,East Slovak Gallery,
Q4179712,Victim of fanaticism,Mykola Pymonenko,1899-01-01T00:00:00Z,Fine Arts Museum Kharkiv,http://commons.wikimedia.org/wiki/Special:FilePath/Pimonenko.%20Victime%20of%20fanatisme.jpg
Q116298918,Liudmyla Skirdar's portrait,Irina Vysheslavska,1979-01-01T00:00:00Z,,http://commons.wikimedia.org/wiki/Special:FilePath/Painting%20by%20Iryna%20Vyshes-Liudmyla%20Skirdar%27s%20portrait-1979.jpg
Q106864468,#437,Milton Resnick,1958-01-01T00:00:00Z,Fogg Museum,
Q104651351,Still life with bottles,Juliusz Krajewski,1965-01-01T00:00:00Z,National Museum in Warsaw,
Q19920714,Untitled,Milton Resnick,1949-01-01T00:00:00Z,Metropolitan Museum of Art,
Q104637366,Landscape,Juliusz Krajewski,1948-01-01T00:00:00Z,National Museum in Warsaw,
Q42565173,Jews carrying things bought at auction,Mykola Pymonenko,1885-01-01T00:00:00Z,National Museum in Warsaw,http://commons.wikimedia.org/wiki/Special:FilePath/Miko%C5%82aj%20K.%20Pimonienko%20-%20Jews%20carrying%20items%20purchased%20at%20an%20auction%20-%20M.Ob.1157%20-%20National%20Museum%20in%20Warsaw.jpg
Q42565173,Jews carrying things bought at auction,Mykola Pymonenko,1885-01-01T00:00:00Z,National Museum in Warsaw,http://commons.wikimedia.org/wiki/Special:FilePath/Pymonenko%20Jews%20carrying%20things%20bought%20at%20auction.jpg
Q59549166,That Elephant,Milton Resnick,1979-01-01T00:00:00Z,National Gallery of Canada,
Q119415906,Psychedelic Attack of the Blue Rabbits,Oleg Holosiy,1990-01-01T00:00:00Z,Glasgow Museums Resource Centre,
Q104651354,Still life,Juliusz Krajewski,1965-01-01T00:00:00Z,National Museum in Warsaw,
Q22266852,Q22266852,Sergey Bratkov,2002-01-01T00:00:00Z,Stedelijk Museum voor Actuele Kunst,
Q112127166,P. or Salome’s kiss,Ihor Podolchak,1998-01-01T00:00:00Z,,http://commons.wikimedia.org/wiki/Special:FilePath/Podolchak%20Painting%2065-1998.jpg
Q64516795,Untitled,Milton Resnick,1963-01-01T00:00:00Z,Whitney Museum of American Art,
Q62472097,Q62472097,Edit Medveczkyné Luták,1985-01-01T00:00:00Z,East Slovak Gallery,
Q106770119,4,Milton Resnick,2002-01-01T00:00:00Z,Princeton University Art Museum,
Q51036272,Q51036272,Larissa Rezun-Zwezdochyotova,1984-01-01T00:00:00Z,Tartu Art Museum's watercolor collection,
Q62471656,Q62471656,Volodymyr Mykyta,1987-01-01T00:00:00Z,East Slovak Gallery,
Q20195589,Mound,Milton Resnick,1961-01-01T00:00:00Z,National Gallery of Art,
Q51045658,Q51045658,Larissa Rezun-Zwezdochyotova,1984-01-01T00:00:00Z,Tartu Art Museum's watercolor collection,
Q55409722,Q55409722,Serhii Mikhnovskyi,1998-01-01T00:00:00Z,Andy Warhol Museum of Modern Art,
Q20502686,Abstraction,Milton Resnick,1963-01-01T00:00:00Z,Smithsonian American Art Museum,
Q62523563,Q62523563,Vyacheslav Prychodko,1985-01-01T00:00:00Z,East Slovak Gallery,
Q51278785,Q51278785,Tetiana Yablonska,1974-01-01T00:00:00Z,Slovak National Gallery,
Q125567837,The past,Anastasiya Markovich,,,http://commons.wikimedia.org/wiki/Special:FilePath/Anastasiya%20Markovich%20Time.jpg
Q104650942,Warszawa Wschodnia. Załoga PT-49,Juliusz Krajewski,1964-01-01T00:00:00Z,National Museum in Warsaw,
Q20738625,Harvest in Ukraine,Mykola Pymonenko,1896-01-01T00:00:00Z,,http://commons.wikimedia.org/wiki/Special:FilePath/Mykola%20Pymonenko-Zhnyva.jpg
Q115979712,Q115979712,Fyodor Zakharov,1960-01-01T00:00:00Z,,http://commons.wikimedia.org/wiki/Special:FilePath/Sacharow%20In%20der%20Werkstatt%20des%20Meisters.JPG
Q55409617,Q55409617,Serhii Mikhnovskyi,1994-01-01T00:00:00Z,Andy Warhol Museum of Modern Art,
Q50731721,Pink fire,Milton Resnick,1971-01-01T00:00:00Z,National Gallery of Australia,
Q51046025,Q51046025,Larissa Rezun-Zwezdochyotova,1984-01-01T00:00:00Z,Tartu Art Museum's watercolor collection,
Q34680373,Morning,Tetiana Yablonska,1954-01-01T00:00:00Z,Tretyakov Gallery,
Q104637422,Landscape from Sandomierz,Juliusz Krajewski,1948-01-01T00:00:00Z,National Museum in Warsaw,
Q51050793,Q51050793,Larissa Rezun-Zwezdochyotova,1984-01-01T00:00:00Z,Tartu Art Museum's watercolor collection,
Q104189095,Q104189095,Vyacheslav Prychodko,1985-01-01T00:00:00Z,East Slovak Gallery,
Q104654390,Still life with a striped drape,Juliusz Krajewski,1967-01-01T00:00:00Z,National Museum in Warsaw,
Q60469218,Metallic,Milton Resnick,1963-01-01T00:00:00Z,Cleveland Museum of Art,
Q64562633,Mars,Milton Resnick,1977-01-01T00:00:00Z,The Nelson-Atkins Museum of Art,
Q115681939,Shevchenkiana by Oleh Shupliak,Oleg Shupliak,1992-01-01T00:00:00Z,,
Q104636761,Sunday afternoon,Juliusz Krajewski,,National Museum in Warsaw,
Q51050945,Q51050945,Larissa Rezun-Zwezdochyotova,1984-01-01T00:00:00Z,Tartu Art Museum's watercolor collection,
